tol, hrs, showers
5e-1, 1.410857, 4.1783e+4
4e-1, 2.145441, 6.0474e+4
3e-1, 3.877504, 1.18551e+5
2e-1, 9.680407, 2.97344e+05
1e-1, 40.53197, 1.253509e+06
